<?xml version="1.0" encoding="UTF-8"?>
<beans xmlns="http://www.springframework.org/schema/beans"
    xmlns:xsi="http://www.w3.org/2001/XMLSchema-instance"
	xmlns:mvc="http://www.springframework.org/schema/mvc"
	xmlns:context="http://www.springframework.org/schema/context"
    xmlns:fss="http://www.salesforce.com/schema/springsecurity"
	xmlns:jdbc="http://www.springframework.org/schema/jdbc"
    xmlns:security="http://www.springframework.org/schema/security"
	xmlns:tx="http://www.springframework.org/schema/tx"
	xsi:schemaLocation="http://www.springframework.org/schema/mvc http://www.springframework.org/schema/mvc/spring-mvc-3.1.xsd
		http://www.springframework.org/schema/beans http://www.springframework.org/schema/beans/spring-beans-3.1.xsd
		http://www.springframework.org/schema/context http://www.springframework.org/schema/context/spring-context-3.1.xsd
		http://www.springframework.org/schema/tx http://www.springframework.org/schema/tx/spring-tx-3.1.xsd
		http://www.springframework.org/schema/jdbc http://www.springframework.org/schema/jdbc/spring-jdbc-3.1.xsd
        http://www.salesforce.com/schema/springsecurity http://media.developerforce.com/schema/force-springsecurity-1.3.xsd
        http://www.springframework.org/schema/security http://www.springframework.org/schema/security/spring-security-3.0.xsd">

	<!-- DispatcherServlet Context: defines this servlet's request-processing infrastructure -->

	<!-- Enables the Spring MVC @Controller programming model -->
	<mvc:annotation-driven />

	<!-- Handles HTTP GET requests for /resources/** by efficiently serving up static resources in the ${webappRoot}/resources directory -->
	<mvc:resources mapping="/resources/**" location="/resources/" />

	<context:component-scan base-package="com.force.example.fulfillment" />

	<tx:annotation-driven />

    <fss:oauth>
		<fss:oauthInfo endpoint="http://login.salesforce.com"
		        oauth-key="#{systemEnvironment['OAUTH_CLIENT_KEY']}"
		        oauth-secret="#{systemEnvironment['OAUTH_CLIENT_SECRET']}"/>
	</fss:oauth>

    <security:http use-expressions="true">
    <!--
        <security:intercept-url pattern="/orderui*" access="isAuthenticated()" />
        -->
    </security:http>

	<!-- Resolves views selected for rendering by @Controllers to .jsp resources in the /WEB-INF/views directory -->
	<bean class="org.springframework.web.servlet.view.InternalResourceViewResolver">
		<property name="prefix" value="/WEB-INF/views/" />
		<property name="suffix" value=".jsp" />
	</bean>

	<bean id="transactionManager" class="org.springframework.orm.jpa.JpaTransactionManager">
		<property name="entityManagerFactory" ref="entityManagerFactory" />
		<property name="dataSource" ref="dataSource"/>
	</bean>

	<!-- Use HSQLDB by default -->
    <beans profile="default">
        <jdbc:embedded-database id="dataSource"/>
 		<bean id="entityManagerFactory" class="org.springframework.orm.jpa.LocalContainerEntityManagerFactoryBean">
			<property name="dataSource" ref="dataSource"/>
	        <property name="jpaVendorAdapter">
	            <bean class="org.springframework.orm.jpa.vendor.HibernateJpaVendorAdapter"/>
	        </property>
	        <property name="jpaProperties">
				<props>
                    <prop key="hibernate.dialect">org.hibernate.dialect.HSQLDialect</prop>
                    <prop key="hibernate.hbm2ddl.auto">create</prop>
				</props>
			</property>
		</bean>
    </beans>

	<!-- Use Postgres in production (i.e. on Heroku) -->
    <beans profile="prod">
        <bean class="java.net.URI" id="dbUrl">
            <constructor-arg value="#{systemEnvironment['DATABASE_URL']}"/>
        </bean>

        <bean id="dataSource" class="org.apache.commons.dbcp.BasicDataSource">
            <property name="url" value="#{ 'jdbc:postgresql://' + @dbUrl.getHost() + @dbUrl.getPath() }"/>
            <property name="username" value="#{ @dbUrl.getUserInfo().split(':')[0] }"/>
            <property name="password" value="#{ @dbUrl.getUserInfo().split(':')[1] }"/>
        </bean>

		<bean id="entityManagerFactory" class="org.springframework.orm.jpa.LocalContainerEntityManagerFactoryBean">
			<property name="dataSource" ref="dataSource"/>
	        <property name="jpaVendorAdapter">
	            <bean class="org.springframework.orm.jpa.vendor.HibernateJpaVendorAdapter"/>
	        </property>
	        <property name="jpaProperties">
				<props>
                    <prop key="hibernate.dialect">org.hibernate.dialect.PostgreSQLDialect</prop>
                    <prop key="hibernate.show_sql">true</prop>
                    <!-- change this to 'verify' before running as a production app -->
                    <prop key="hibernate.hbm2ddl.auto">update</prop>
				</props>
			</property>
		</bean>
    </beans>
</beans>
